frame,NOSE_x,NOSE_y,NOSE_z,NOSE_vis,L_SHOULDER_x,L_SHOULDER_y,L_SHOULDER_z,L_SHOULDER_vis,R_SHOULDER_x,R_SHOULDER_y,R_SHOULDER_z,R_SHOULDER_vis,L_ELBOW_x,L_ELBOW_y,L_ELBOW_z,L_ELBOW_vis,R_ELBOW_x,R_ELBOW_y,R_ELBOW_z,R_ELBOW_vis,L_WRIST_x,L_WRIST_y,L_WRIST_z,L_WRIST_vis,R_WRIST_x,R_WRIST_y,R_WRIST_z,R_WRIST_vis,L_HIP_x,L_HIP_y,L_HIP_z,L_HIP_vis,R_HIP_x,R_HIP_y,R_HIP_z,R_HIP_vis,L_KNEE_x,L_KNEE_y,L_KNEE_z,L_KNEE_vis,R_KNEE_x,R_KNEE_y,R_KNEE_z,R_KNEE_vis,L_ANKLE_x,L_ANKLE_y,L_ANKLE_z,L_ANKLE_vis,R_ANKLE_x,R_ANKLE_y,R_ANKLE_z,R_ANKLE_vis
0,0.6659095883369446,0.2023884505033493,-0.3768919110298157,0.999136209487915,0.6275896430015564,0.28470370173454285,0.3576071560382843,0.9997981786727905,0.437914103269577,0.28457415103912354,-0.5715510249137878,0.9997606873512268,0.24129272997379303,0.3426494300365448,-0.12947824597358704,0.3153926134109497,0.24349983036518097,0.3579725921154022,-1.1022335290908813,0.9445375204086304,0.20319952070713043,0.41133934259414673,-0.38533133268356323,0.34493109583854675,0.32474613189697266,0.3471105694770813,-1.570480227470398,0.7494776844978333,0.6021156311035156,0.5697473883628845,0.2757585346698761,0.9996814727783203,0.5077938437461853,0.5738157629966736,-0.2760869264602661,0.9997668266296387,0.7871747612953186,0.681395947933197,0.06343220174312592,0.704129159450531,0.6619778275489807,0.7493638396263123,-0.7161611318588257,0.9463486075401306,0.6437942981719971,0.8600441813468933,0.2085476666688919,0.7685448527336121,0.5070127248764038,0.9016684293746948,-0.5569365620613098,0.9614651203155518
1,0.6771690249443054,0.18232761323451996,-0.3225109577178955,0.9989091157913208,0.6288512945175171,0.2620737552642822,0.41617679595947266,0.9997865557670593,0.44073179364204407,0.26234060525894165,-0.603774905204773,0.999708354473114,0.24129272997379303,0.3426494300365448,-0.12947824597358704,0.3026575744152069,0.2521165609359741,0.3004186749458313,-1.212093710899353,0.9427993893623352,0.20319952070713043,0.41133934259414673,-0.38533133268356323,0.3491787314414978,0.5040982365608215,0.32695040106773376,-1.6324855089187622,0.7248460054397583,0.6185832023620605,0.5607349276542664,0.28583869338035583,0.999671995639801,0.5279151797294617,0.5641198754310608,-0.2862817943096161,0.9997261166572571,0.795189380645752,0.6696122288703918,0.07855250686407089,0.6667958498001099,0.6723482012748718,0.7631522417068481,-0.6059916615486145,0.8836443424224854,0.6229820847511292,0.8621187210083008,0.17855414748191833,0.7317038774490356,0.5185149908065796,0.8959228992462158,-0.20081676542758942,0.9136263132095337
2,0.6345016956329346,0.1653635948896408,0.283877432346344,0.9977277517318726,0.4575267434120178,0.26335635781288147,0.31931498646736145,0.9997806549072266,0.5484098792076111,0.26030033826828003,-0.6091746687889099,0.9997185468673706,0.24129272997379303,0.3426494300365448,-0.12947824597358704,0.27309414744377136,0.42543911933898926,0.3273765742778778,-1.5195893049240112,0.86843341588974,0.20319952070713043,0.41133934259414673,-0.38533133268356323,0.3147331774234772,0.46514269709587097,0.3077711760997772,-2.153822660446167,0.6636400818824768,0.5736777186393738,0.5572231411933899,0.3634681701660156,0.9996851682662964,0.6590661406517029,0.5609631538391113,-0.3637534976005554,0.9997466802597046,0.6093154549598694,0.6568344235420227,1.19153892993927,0.6002166867256165,0.6970441341400146,0.7522580623626709,-0.802003026008606,0.8434265851974487,0.6541787981987,0.8339908123016357,1.1983020305633545,0.6592435836791992,0.6111975312232971,0.8807108998298645,-1.8817909955978394,0.8875422477722168
3,0.33663493394851685,0.17218036949634552,1.2909444570541382,0.982177734375,0.2943653464317322,0.30587396025657654,0.6040552258491516,0.999713659286499,0.5954769253730774,0.218632772564888,0.21595226228237152,0.999707818031311,0.24129272997379303,0.3426494300365448,-0.12947824597358704,0.2486163079738617,0.7692323923110962,0.17026564478874207,-0.27232062816619873,0.8305028676986694,0.20319952070713043,0.41133934259414673,-0.38533133268356323,0.28375595808029175,0.679669976234436,0.2317918986082077,-0.31764665246009827,0.6137792468070984,0.5053688287734985,0.5387393236160278,0.15074506402015686,0.9996974468231201,0.6843953132629395,0.5196430087089539,-0.1521572768688202,0.9997627139091492,0.5611925721168518,0.6575222015380859,0.6352594494819641,0.5454999804496765,0.7249612212181091,0.6659762859344482,0.04430504888296127,0.7937644720077515,0.5924084782600403,0.8668730854988098,-0.20522619783878326,0.641153872013092,0.7000826001167297,0.8310238122940063,-0.9004671573638916,0.8685628175735474
4,0.29058241844177246,0.1666599065065384,1.1971296072006226,0.9712787866592407,0.26414886116981506,0.30617088079452515,0.5468588471412659,0.9996720552444458,0.5737895965576172,0.19576869904994965,0.15462195873260498,0.9996938705444336,0.24129272997379303,0.3426494300365448,-0.12947824597358704,0.22717449069023132,0.7720093131065369,0.14147837460041046,-0.25835132598876953,0.8014251589775085,0.20319952070713043,0.41133934259414673,-0.38533133268356323,0.2564927041530609,0.6462288498878479,0.21512797474861145,-0.25573715567588806,0.573374330997467,0.48232850432395935,0.52560955286026,0.14169789850711823,0.9997114539146423,0.6835113763809204,0.5065734386444092,-0.14293670654296875,0.9997771978378296,0.5544738243024416,0.6610004764745789,-0.16164283759643838,0.49705401062965393,0.7264053821563721,0.6704996824264526,0.16688939929008484,0.7494494318962097,0.5650157928466797,0.8700547218322754,0.0672416239976883,0.62518310546875,0.6868776679039001,0.8277640342712402,-0.3901106119155884,0.8462836146354675
5,0.28393423557281494,0.15875786542892456,1.1376806497573853,0.973901629447937,0.23303456604480743,0.31479960680007935,0.546737015247345,0.9996916651725769,0.5577342510223389,0.19273345172405243,0.15635038912296295,0.9997168779373169,0.24129272997379303,0.3426494300365448,-0.12947824597358704,0.20555254817008972,0.7664034962654114,0.14223776757717133,0.3345126211643219,0.7478136420249939,0.20319952070713043,0.41133934259414673,-0.38533133268356323,0.2310570925474167,0.6716196537017822,0.1924239993095398,1.022904872894287,0.5421518087387085,0.4809982180595398,0.5266828536987305,0.12983758747577667,0.999735951423645,0.689096987247467,0.5072949528694153,-0.13105563819408417,0.9997973442077637,0.5463635726507174,0.6636288880554501,-0.7050256954016161,0.45300984382629395,0.7170002460479736,0.6682923436164856,0.39742666482925415,0.6911028623580933,0.5512291193008423,0.8686251640319824,0.2251354455947876,0.5885255336761475,0.692103922367096,0.8316478729248047,0.0611565001308918,0.7974543571472168
6,0.23919296264648438,0.18974442780017853,0.616955041885376,0.9759002923965454,0.2281513810157776,0.3393593728542328,0.24592463672161102,0.9996787309646606,0.5242726802825928,0.2107914686203003,-0.0731021910905838,0.9996417760848999,0.24129272997379303,0.3426494300365448,-0.12947824597358704,0.2167195975780487,0.7466223239898682,0.15145698189735413,-0.1659507304430008,0.7622597217559814,0.20319952070713043,0.41133934259414673,-0.38533133268356323,0.22223371267318726,0.8678513169288635,0.05895952880382538,0.0425172820687294,0.5464648008346558,0.46028923988342285,0.5212544798851013,0.12369706481695175,0.9997380971908569,0.6754128932952881,0.5001577138900757,-0.12469787895679474,0.9997991323471069,0.53687894972821,0.6653186533397022,-1.0296654588703504,0.41867995262145996,0.7143514752388,0.687915027141571,0.031943339854478836,0.6656599044799805,0.5444291234016418,0.8585253953933716,0.27360495924949646,0.5849528908729553,0.6936532855033875,0.8454667925834656,-0.1089770495891571,0.7797679901123047
7,0.23757657408714294,0.19752727448940277,0.7498733401298523,0.9772258400917053,0.2461787611246109,0.3323352336883545,0.31289395689964294,0.9996374249458313,0.504304051399231,0.20468342304229736,0.11938051879405975,0.9995973706245422,0.24129272997379303,0.3426494300365448,-0.12947824597358704,0.21315304934978485,0.6486580967903137,0.15889303386211395,0.26341357827186584,0.7476098537445068,0.20319952070713043,0.41133934259414673,-0.38533133268356323,0.2037990391254425,0.6907285451889038,0.1402144432067871,0.7546253204345703,0.5273988246917725,0.5067646503448486,0.5072310566902161,0.09730339795351028,0.9997425079345703,0.6899651288986206,0.4764564037322998,-0.09867018461227417,0.9998008012771606,0.5260370881014497,0.6659809893863367,-1.1703384629394211,0.3908308446407318,0.7767331004142761,0.6682508587837219,-0.05540907010436058,0.6626105308532715,0.5410513877868652,0.8831421136856079,-0.12345077842473984,0.5805560946464539,0.7629559636116028,0.7815796136856079,-0.4768672287464142,0.771152675151825
8,0.1994657963514328,0.1855088770389557,0.888516902923584,0.9717042446136475,0.20254671573638916,0.283124178647995,0.3526690900325775,0.9996516704559326,0.43735888600349426,0.21336697041988373,0.5127034783363342,0.9994460344314575,0.24129272997379303,0.3426494300365448,-0.12947824597358704,0.192969411611557,0.578190803527832,0.25357112288475037,0.5763629078865051,0.6732932329177856,0.20319952070713043,0.41133934259414673,-0.38533133268356323,0.1836867332458496,0.4237978897511571,0.277582081911871,2.0280516950771093,0.4748733341693878,0.4897467792034149,0.4389549791812897,-0.0111027080565691,0.9997612237930298,0.6417577862739563,0.4062744975090027,0.00945705734193325,0.9998111128807068,0.5138551203369671,0.6655271132543564,-1.1618210425456097,0.35720348358154297,0.8221836686134338,0.6238580346107483,0.008799963630735874,0.6110911965370178,0.525702953338623,0.9011130928993225,-0.6603475213050842,0.5468893647193909,0.7633756995201111,0.6871277093887329,-0.7316879034042358,0.7280673980712891
9,0.20821192860603333,0.17090782523155212,0.6008885502815247,0.9736645817756653,0.20299756526947021,0.27287569642066956,0.23480826616287231,0.9996718168258667,0.42540326714515686,0.20597773790359497,0.25428423285484314,0.999434769153595,0.24129272997379303,0.3426494300365448,-0.12947824597358704,0.1740323305130005,0.5654054284095764,0.2788548469543457,0.2434544712305069,0.6064294576644897,0.20319952070713043,0.41133934259414673,-0.38533133268356323,0.16558100283145905,0.18121109809496225,0.4039715897819217,3.190261101212454,0.42754969000816345,0.5082716941833496,0.42394134402275085,0.008293933235108852,0.9997825026512146,0.6699910759925842,0.3939119875431061,-0.009654887020587921,0.9998273253440857,0.5003501790012934,0.6638682420027636,-1.0388895326256977,0.3313863277435303,0.8258391618728638,0.6195089817047119,0.01683485507965088,0.5644681453704834,0.5112679600715637,0.882265031337738,-0.4137020409107208,0.5211253762245178,0.7287558317184448,0.6751176714897156,-0.562576413154602,0.6861706972122192
10,0.21594272553920746,0.16244946420192719,0.5871890783309937,0.9761899709701538,0.20479093492031097,0.270195335149765,0.2292979657649994,0.9996983408927917,0.41804662346839905,0.20101919770240784,0.28368544578552246,0.9994411468505859,0.24129272997379303,0.3426494300365448,-0.12947824597358704,0.15694193542003632,0.5640901327133179,0.2818675637245178,0.193122997879982,0.5459693670272827,0.20319952070713043,0.41133934259414673,-0.38533133268356323,0.14929938316345215,-0.03787331836995823,0.5197391502535347,4.244910207183003,0.3848798871040344,0.515343427658081,0.40810686349868774,-0.0007238968973979354,0.9998032450675964,0.6606999635696411,0.37765586376190186,-0.0006618357729166746,0.999843418598175,0.4855393966609584,0.6609155926905599,-0.8363202681164643,0.3223939836025238,0.8149924278259277,0.6146581768989563,0.06744280457496643,0.5278952717781067,0.5008237361907959,0.8824639320373535,-0.3108108341693878,0.5119286179542542,0.7430914640426636,0.67805415391922,-0.454894483089447,0.6614621877670288
11,0.16234102845191956,0.16754059493541718,0.4807524085044861,0.9775217175483704,0.18948093056678772,0.23546040058135986,0.20397043228149414,0.9996894001960754,0.3756901025772095,0.2075817883014679,0.29241177439689636,0.999394953250885,0.24129272997379303,0.3426494300365448,-0.12947824597358704,0.14299146831035614,0.5634879605835404,0.28552923775731304,0.25270237342620777,0.49341529607772827,0.20319952070713043,0.41133934259414673,-0.38533133268356323,0.13536855578422546,-0.23429684823388075,0.625240946763305,5.1956556813311545,0.34682992100715637,0.49116358160972595,0.3836750388145447,0.007121192757040262,0.9998209476470947,0.6298409700393677,0.3487226068973541,-0.008362477645277977,0.9998571872711182,0.46943990588249324,0.6565803823767481,-0.588889583954692,0.35285428166389465,0.8363444209098816,0.48771849274635315,0.04147735983133316,0.5452157855033875,0.47080785036087036,0.869107723236084,-0.1950051486492157,0.5458145141601562,0.8201096057891846,0.48831385374069214,-0.4947185814380646,0.66671222448349
12,0.1580289900302887,0.17195580899715424,0.4544697403907776,0.9795998334884644,0.16841323673725128,0.22243621945381165,0.1402229219675064,0.9997150897979736,0.3678090274333954,0.2099994570016861,0.32592907547950745,0.9994092583656311,0.24129272997379303,0.3426494300365448,-0.12947824597358704,0.15051250159740448,0.5639851168332504,0.2891016961680341,0.30820945525547644,0.44492819905281067,0.20319952070713043,0.41133934259414673,-0.38533133268356323,0.14566589891910553,-0.4089009800870829,0.7208331627478283,6.046154191999304,0.3123703598976135,0.48424872756004333,0.37835758924484253,-0.019828584045171738,0.9998380541801453,0.616957426071167,0.3409269452095032,0.018659278750419617,0.9998704791069031,0.45206883923242835,0.6507738281203302,-0.33137381507716074,0.39691054821014404,0.8258853554725647,0.4942311942577362,0.034536927938461304,0.5681878328323364,0.4551839232444763,0.8771663904190063,-0.1470010131597519,0.5801308155059814,0.7947176098823547,0.47481241822242737,-0.5631287693977356,0.6705549955368042
13,0.15332280099391937,0.17337845265865326,0.46612870693206787,0.9806748032569885,0.17900389432907104,0.23169611394405365,0.1372305452823639,0.9997307658195496,0.35911428928375244,0.20462219417095184,0.3739873468875885,0.9994428157806396,0.24129272997379303,0.3426494300365448,-0.12947824597358704,0.14595827460289001,0.5655241466307381,0.29258705782476424,0.3597190013653169,0.40170833468437195,0.20319952070713043,0.41133934259414673,-0.38533133268356323,0.1428733766078949,-0.5625272025198417,0.8068719816437001,6.800062407529853,0.2815988063812256,0.48708218336105347,0.3796347677707672,-0.054172053933143616,0.9998538494110107,0.6080533862113953,0.3355437219142914,0.05295621603727341,0.9998831152915955,0.4334433292772943,0.6434071469803082,-0.09854929642065141,0.44223231077194214,0.8359104990959167,0.4973863363265991,-0.07397112995386124,0.6051342487335205,0.4446423649787903,0.8891341686248779,-0.03396938368678093,0.6083964705467224,0.862180769443512,0.38133203983306885,-0.5314145088195801,0.6873411536216736
14,0.13593633472919464,0.17596030235290527,0.528311014175415,0.982450008392334,0.1689980924129486,0.2198002189397812,0.1710418313741684,0.9997490644454956,0.335394024848938,0.20179474353790283,0.44821804761886597,0.9994807243347168,0.24129272997379303,0.3426494300365448,-0.12947824597358704,0.15654683113098145,0.5680475951442951,0.2959874415955867,0.4073057697532579,0.3703918755054474,0.20319952070713043,0.41133934259414673,-0.38533133268356323,0.14718976616859436,-0.6960170041224343,0.8837135868875154,7.461036996265199,0.25607532262802124,0.47884970903396606,0.36519816517829895,-0.07450510561466217,0.9998682141304016,0.5829325914382935,0.3310859799385071,0.07341667264699936,0.9998945593833923,0.4135805085836217,0.6343915560156846,0.07480763707805502,0.4950149953365326,0.8354677557945251,0.4608730673789978,-0.07993606477975845,0.6430214643478394,0.4283858835697174,0.8777362704277039,0.02255707047879696,0.6434181332588196,0.827470064163208,0.2905550003051758,-0.1156105250120163,0.7114043831825256
15,0.09951072931289673,0.168826162815094,0.4373456835746765,0.9835489988327026,0.13257740437984467,0.19982245564460754,0.06823865324258804,0.9997720122337341,0.26167723536491394,0.15652652084827423,0.43235230445861816,0.9994542598724365,0.24129272997379303,0.3426494300365448,-0.12947824597358704,0.217997744679451,0.5714980075422119,0.2993049663485847,0.4510445184168281,0.3342137932777405,0.20319952070713043,0.41133934259414673,-0.38533133268356323,0.21567191183567047,-0.8102118734851372,0.95171416191587,8.03273462654774,0.23129846155643463,0.4103814661502838,0.3589717149734497,-0.07715247571468353,0.9998812079429626,0.495191365480423,0.3256867229938507,0.07606514543294907,0.9999046921730042,0.3924975097179413,0.6236382722854614,0.15392065048217773,0.5433311462402344,0.7969285249710083,0.41795599460601807,-0.03662632778286934,0.6783724427223206,0.3715675473213196,0.8609342575073242,0.18489256501197815,0.6768316626548767,0.8650293350219727,0.20410293340682983,-0.19001631438732147,0.7399261593818665
16,0.10333379358053207,0.16815787553787231,0.3299597203731537,0.9850078225135803,0.13103598356246948,0.20945510268211365,0.038519684225320816,0.9997928738594055,0.2304907888174057,0.16561393439769745,0.43584176898002625,0.999495267868042,0.24129272997379303,0.3426494300365448,-0.12947824597358704,0.27442270517349243,0.5758179289927794,0.30254175095184177,0.4910100053535565,0.30944913625717163,0.20319952070713043,0.41133934259414673,-0.38533133268356323,0.27355512976646423,-0.9059532991982284,1.0112298901653591,8.518811966719875,0.22859765589237213,0.3973100185394287,0.3675384223461151,-0.10355810075998306,0.9998921751976013,0.4728163778781891,0.33256375789642334,0.10258205235004425,0.9999130368232727,0.37356314063072205,0.6191227436065674,0.1427348107099533,0.5784334540367126,0.7531073689460754,0.4150494635105133,0.007806211709976196,0.7098026275634766,0.35145726799964905,0.8710213303565979,0.1792518049478531,0.7001290321350098,0.8171955347061157,0.18524612486362457,-0.10029371827840805,0.7655997276306152
17,0.11049691587686539,0.18656322360038757,0.2690604627132416,0.9862340092658997,0.14933761954307556,0.21703720092773438,0.014680982567369938,0.9998111724853516,0.2323499172925949,0.17078515887260437,0.3822786211967468,0.9995293021202087,0.24129272997379303,0.3426494300365448,-0.12947824597358704,0.32500961422920227,0.5809499046642889,0.3056999142734408,0.5272769885609719,0.28768545389175415,0.20319952070713043,0.41133934259414673,-0.38533133268356323,0.32646360993385315,-0.9840827698519846,1.0626169550725781,8.922925685123998,0.2276163548231125,0.3923608362674713,0.375979483127594,-0.09536336362361908,0.9999023675918579,0.46616700291633606,0.339751660823822,0.09445591270923615,0.9999209642410278,0.36592280864715576,0.6403490304946899,0.1563252955675125,0.6161648631095886,0.7243667840957642,0.4171348810195923,0.017379218712449074,0.7384427189826965,0.3441482484340668,0.8961448073387146,0.20008407533168793,0.7276467680931091,0.794872522354126,0.18479903042316437,-0.10418178141117096,0.7888357043266296
18,0.10195016860961914,0.1645834743976593,0.23825933039188385,0.9871618151664734,0.14729523658752441,0.2156800925731659,-0.004824661184102297,0.9998277425765991,0.22268371284008026,0.169064462184906,0.3772016167640686,0.9995558261871338,0.24129272997379303,0.3426494300365448,-0.12947824597358704,0.36821606755256653,0.5868364797250307,0.30878157518146526,0.559920226036603,0.25980550050735474,0.20319952070713043,0.41133934259414673,-0.38533133268356323,0.362265944480896,-1.0454417740366824,1.1062315400741227,9.248732450102512,0.2072354257106781,0.37900426983833313,0.37921276688575745,-0.09446140378713608,0.999911904335022,0.4479748606681824,0.34449097514152527,0.09351173788309097,0.9999285340309143,0.35606542229652405,0.6498932242393494,0.1447727084159851,0.645453929901123,0.7077963352203369,0.4180537164211273,0.004631467629224062,0.7642848491668701,0.33281052112579346,0.9043649435043335,0.18679098784923553,0.7406749725341797,0.811098039150238,0.18682850897312164,-0.11620122194290161,0.8097895979881287
19,0.10211070626974106,0.16398885846138,0.2894696891307831,0.9883704781532288,0.13774141669273376,0.20254072546958923,-0.0025932330172508955,0.9998430609703064,0.21822424232959747,0.2022387534379959,0.41411513090133667,0.9995978474617004,0.24129272997379303,0.3426494300365448,-0.12947824597358704,0.4147290587425232,0.5934201993432959,0.31178885254399846,0.5890144757779785,0.24883846938610077,0.20319952070713043,0.41133934259414673,-0.38533133268356323,0.4169433116912842,-1.0908718003425995,1.1424298286065877,9.49988892999781,0.25235724449157715,0.3618448078632355,0.3790625035762787,-0.08966381847858429,0.9999205470085144,0.4305092692375183,0.3466508984565735,0.08860988914966583,0.9999355673789978,0.3425857424736023,0.6544625759124756,0.02827591821551323,0.6776571869850159,0.6818398833274841,0.4203545153141022,-0.026420285925269127,0.7877668738365173,0.3217819333076477,0.9031965136528015,0.057803500443696976,0.7591233253479004,0.8093512654304504,0.20849117636680603,-0.13960911333560944,0.828732967376709
20,0.10118057578802109,0.16926011443138123,0.26349031925201416,0.9894763231277466,0.13894665241241455,0.20452839136123657,0.02308480627834797,0.9998567700386047,0.21070626378059387,0.22411946952342987,0.3917611539363861,0.9996354579925537,0.24129272997379303,0.3426494300365448,-0.12947824597358704,0.46570971608161926,0.6006436086873755,0.3147238652291234,0.6146344957826273,0.23165202140808105,0.20319952070713043,0.41133934259414673,-0.38533133268356323,0.4702143669128418,-1.1212143373600127,1.1715680041065688,9.680051793152296,0.2781667411327362,0.35544919967651367,0.38629862666130066,-0.09931999444961548,0.99992835521698,0.4188271164894104,0.3473127782344818,0.09834784269332886,0.9999419450759888,0.33103424310684204,0.660888135433197,0.04393545165657997,0.7091901302337646,0.6531258821487427,0.4267292022705078,-0.026876071467995644,0.8089665174484253,0.30670830607414246,0.9146209955215454,0.016635656356811523,0.7815561890602112,0.8176933526992798,0.25318384170532227,-0.1788538098335266,0.845842182636261
21,0.09160801023244858,0.13889983296394348,0.15415515005588531,0.9904833436012268,0.14758148789405823,0.21019551157951355,-0.10527266561985016,0.9998614192008972,0.20385907590389252,0.21319326758384705,0.39787912368774414,0.9996520280838013,0.24129272997379303,0.3426494300365448,-0.12947824597358704,0.5091922879219055,0.6084492529255603,0.31758873210492355,0.6368550440480785,0.21043089032173157,0.20319952070713043,0.41133934259414673,-0.38533133268356323,0.4713371694087982,-1.1373108736791988,1.194002250010661,9.792877707908364,0.25538507103919983,0.36683720350265503,0.40279993414878845,-0.1531924307346344,0.9999345541000366,0.4225490987300873,0.36369743943214417,0.15277059376239777,0.9999471306800842,0.31858688592910767,0.6834626197814941,0.004446298815310001,0.7378402352333069,0.5914004445075989,0.49380066990852356,0.06354863941669464,0.8276638388633728,0.30919885635375977,0.9253833889961243,0.009286325424909592,0.8027741312980652,0.8137679696083069,0.4649355113506317,-0.0517285093665123,0.8611291646957397
22,0.08482659608125687,0.1354241967201233,0.11156515032052994,0.9913902282714844,0.14879880845546722,0.22438998520374298,-0.11969202756881714,0.9998659491539001,0.19523552060127258,0.21763131022453308,0.36940816044807434,0.9996634125709534,0.24761058390140533,0.3548433482646942,-0.1264047771692276,0.5501841902732849,0.6167796772261412,0.32038557203948215,0.6557508785718604,0.19240373373031616,0.20319952070713043,0.41133934259414673,-0.38533133268356323,0.48143354058265686,-1.1400028978904357,1.2100887497554607,9.842023342608417,0.23497486114501953,0.370549738407135,0.41294580698013306,-0.14906145632266998,0.9999401569366455,0.4247317314147949,0.37597107887268066,0.14870606362819672,0.9999517202377319,0.31758081912994385,0.680705189704895,-0.01123892329633236,0.7637631893157959,0.5831820368766785,0.5101361274719238,0.05010212957859039,0.8446616530418396,0.31196507811546326,0.9144468903541565,-0.003882110118865967,0.8221027851104736,0.822448194026947,0.48736631870269775,-0.07443802058696747,0.8749414682388306
23,0.07825977355241776,0.13574236631393433,0.03812640160322189,0.9921523332595825,0.14871808886528015,0.22565771639347076,-0.20276793837547302,0.9998593926429749,0.1887749284505844,0.22130551934242249,0.3400095999240875,0.9996565580368042,0.24268001317977905,0.3523504137992859,-0.2953742742538452,0.5809366703033447,0.6255774267574089,0.3231165039008823,0.6713967573515021,0.174574613571167,0.20319952070713043,0.41133934259414673,-0.38533133268356323,0.48454970121383667,-1.130131898584,1.2201836867775626,9.831145365594848,0.21666352450847626,0.3739968240261078,0.41791337728500366,-0.16131529211997986,0.9999451041221619,0.42776045203208923,0.383932888507843,0.16099344193935394,0.9999558329582214,0.3180001378059387,0.6835560202598572,-0.008754679001867771,0.7867457866668701,0.5853968262672424,0.5135571360588074,0.0912814661860466,0.8596517443656921,0.3128633499145508,0.9147992730140686,0.012380138039588928,0.8392020463943481,0.8317381143569946,0.4900476932525635,-0.004834651947021484,0.8873450756072998
24,0.0842018723487854,0.13572706282138824,0.018277160823345184,0.9928890466690063,0.1521436721086502,0.2267109602689743,-0.20985443890094757,0.9998639822006226,0.1981770545244217,0.21573886275291443,0.27886247634887695,0.9996386170387268,0.2420661300420761,0.35549691319465637,-0.32392823696136475,0.6102467179298401,0.6347850466876546,0.32578364655720743,0.6838674383845321,0.1580597162246704,0.20319952070713043,0.41133934259414673,-0.38533133268356323,0.5043087005615234,-1.1085393643501689,1.224643244513562,9.763900445210057,0.1970365196466446,0.38135483860969543,0.423833429813385,-0.14961428940296173,0.9999493360519409,0.4377061426639557,0.3866531252861023,0.14925743639469147,0.9999590516090393,0.3242071270942688,0.680342972278595,0.007430274970829487,0.8074053525924683,0.5748848915100098,0.5344088077545166,0.12504169344902039,0.8725574612617493,0.320404589176178,0.9134913086891174,0.04397385194897652,0.8547893762588501,0.8136693239212036,0.5737109780311584,0.06394030153751373,0.8984463214874268
25,0.10124216973781586,0.13312317430973053,0.07827071845531464,0.9935880303382874,0.16170725226402283,0.22779500484466553,-0.1611504852771759,0.999875545501709,0.21600797772407532,0.21004246175289154,0.2891126275062561,0.9996508955955505,0.23928867280483246,0.37314167618751526,-0.24595771729946136,0.6222878098487854,0.6443450821851688,0.32838911887654065,0.6932376796684795,0.1430278718471527,0.22140401601791382,0.4266529977321625,-0.2455958127975464,0.5057956576347351,-1.0760667837792186,1.2238236064000543,9.643945249796442,0.17863258719444275,0.4034358859062195,0.4319482445716858,-0.1473168581724167,0.9999510645866394,0.46533074975013733,0.3872572183609009,0.1467866152524948,0.9999588131904602,0.3370499908924103,0.6960064768791199,-0.0023435994517058134,0.8225537538528442,0.5836217403411865,0.5665720105171204,0.14571118354797363,0.8706495761871338,0.33351221680641174,0.9390767812728882,0.0646638572216034,0.8657384514808655,0.8086824417114258,0.667634129524231,0.13747267425060272,0.9057021737098694
26,0.1644272655248642,0.12168009579181671,0.12109623849391937,0.9942260384559631,0.20644062757492065,0.23648682236671448,-0.158460333943367,0.9998868107795715,0.29034188389778137,0.20260386168956757,0.3513403534889221,0.9996639490127563,0.2842053472995758,0.3901587128639221,-0.23629988729953766,0.6112270951271057,0.6542000784182428,0.3309350397269655,0.6995822392008733,0.12944841384887695,0.2539390637568297,0.4442092028613623,-0.1921074157495944,0.48233771324157715,-1.0335556454614274,1.2180809558736352,9.4749364476964,0.16151288151741028,0.4700295329093933,0.4405825436115265,-0.16744200885295868,0.9999532699584961,0.5411483645439148,0.39192625880241394,0.166777104139328,0.999958872795105,0.37289902567863464,0.7153210043907166,-0.0410691536962986,0.8380120396614075,0.57828688621521,0.6173295378684998,0.23012904822826385,0.8324762582778931,0.3635016083717346,0.9779052734375,-0.001507117529399693,0.8776523470878601,0.6821708083152771,0.8066124320030212,0.30458712577819824,0.8964589834213257
27,0.17000743746757507,0.12270362675189972,0.031813520938158035,0.9948030114173889,0.21892262995243073,0.24908238649368286,-0.15982522070407867,0.9998971223831177,0.31277719140052795,0.21274103224277496,0.28649255633354187,0.9996869564056396,0.3034345209598541,0.3945690989494324,-0.12618474662303925,0.6350592374801636,0.6642925805551672,0.33342352797656477,0.7029758749792416,0.12457672506570816,0.29580730576393277,0.4622762835270647,-0.2032663085552034,0.4884461462497711,-0.981847437987072,1.2077714763709,9.260530707252332,0.14686961472034454,0.5035831928253174,0.4467069208621979,-0.16519859433174133,0.9999560713768005,0.5779909491539001,0.40769606828689575,0.16472655534744263,0.9999602437019348,0.4065096080303192,0.6907046437263489,-0.044619545340538025,0.8538953065872192,0.6413711905479431,0.6177520155906677,0.22309380769729614,0.827690601348877,0.39863401651382446,0.9291335344314575,0.05276268348097801,0.889552116394043,0.7664623856544495,0.7966118454933167,0.33655834197998047,0.9004194140434265
28,0.28298595547676086,0.12122621387243271,0.09632252156734467,0.9952576756477356,0.2753966152667999,0.24130241572856903,-0.19822043180465698,0.9999053478240967,0.42718228697776794,0.20471180975437164,0.21574042737483978,0.9996751546859741,0.36713242530822754,0.3845120668411255,-0.18994559347629547,0.5991173982620239,0.6745651337642328,0.33585670249342214,0.7034933450011139,0.1134977638721466,0.3420113838792775,0.4791225652745878,-0.25747265822986964,0.4448549449443817,-0.9217836499464293,1.193251351328444,9.004384696806635,0.13232021033763885,0.5918694734573364,0.46270865201950073,-0.149744912981987,0.9999524354934692,0.6873828172683716,0.41626060009002686,0.1489926278591156,0.9999514222145081,0.45903903245925903,0.7246201038360596,0.14064405858516693,0.8294703960418701,0.5961543321609497,0.6759534478187561,0.24607454240322113,0.7527325749397278,0.4489949345588684,0.957058846950531,0.2958471179008484,0.8686307072639465,0.550166130065918,0.8999138474464417,0.4298871159553528,0.8220075368881226
29,0.29833465814590454,0.1211640015244484,0.27526968717575073,0.9957236647605896,0.2875577211380005,0.23690329492092133,-0.15357887744903564,0.9999145269393921,0.46908441185951233,0.20056673884391785,0.3001944124698639,0.9996907114982605,0.390625536441803,0.3730301856994629,-0.17635774612426758,0.581682026386261,0.6849602832137307,0.3382366821456206,0.7012094072640186,0.10265950113534927,0.38755393994291865,0.49301637364925033,-0.33312663178908936,0.4402497112751007,-0.8542057699297765,1.1748767641828626,8.710155084701706,0.1198636144399643,0.6245107650756836,0.465518981218338,-0.12524884939193726,0.9999518990516663,0.7458933591842651,0.4288945198059082,0.12423516809940338,0.9999459385871887,0.5311486124992371,0.6980873942375183,0.13756056129932404,0.7998284697532654,0.6309356093406677,0.677226185798645,0.09381544589996338,0.6824066042900085,0.5178671479225159,0.9256606101989746,0.10949866473674774,0.8196414709091187,0.555928647518158,0.8843399286270142,0.06150947883725166,0.7455523014068604
30,0.29625892639160156,0.13448400795459747,0.30919092893600464,0.9961192011833191,0.24762846529483795,0.23669742047786713,-0.16240806877613068,0.9999223947525024,0.47632262110710144,0.2044338583946228,0.26404350996017456,0.9996843338012695,0.37982356548309326,0.3653927743434906,-0.2767140567302704,0.5863667726516724,0.6954205740719517,0.3405655858012436,0.6961988197654845,0.09422376751899719,0.42743761579491085,0.5022260341963706,-0.4086283962483588,0.43410006165504456,-0.7799552865273901,1.153003898370751,8.38149853927994,0.10820069909095764,0.6332350373268127,0.4683170020580292,-0.12559525668621063,0.9999498128890991,0.7586575746536255,0.43876874446868896,0.12462127953767776,0.9999362826347351,0.5564587712287903,0.6838721036911011,0.14184315502643585,0.7863123416900635,0.6769929528236389,0.6662232875823975,0.17287753522396088,0.6202318072319031,0.5500160455703735,0.9012187719345093,0.21269527077674866,0.8027468919754028,0.613768994808197,0.8529394865036011,0.26522815227508545,0.6800009608268738
31,0.31257855892181396,0.1307986080646515,0.29349827766418457,0.9964749813079834,0.27039942145347595,0.2329455018043518,-0.2355984002351761,0.999929666519165,0.5056479573249817,0.1986759901046753,0.24242179095745087,0.9996691942214966,0.38946816325187683,0.361598938703537,-0.37079378962516785,0.6150636076927185,0.7058885515071868,0.3428455323283743,0.6885363405030407,0.08713501691818237,0.45666505327530876,0.505019872461267,-0.46237811862317413,0.4744183421134949,-0.6998736883295484,1.127988937328705,8.022071728883747,0.09841234982013702,0.6295029520988464,0.4804244935512543,-0.14220206439495087,0.9999492168426514,0.7542650699615479,0.45126232504844666,0.14122462272644043,0.9999259114265442,0.5429883003234863,0.6947730183601379,0.20730534195899963,0.7979751825332642,0.580539882183075,0.6593848466873169,0.30693838000297546,0.5734156966209412,0.5417580008506775,0.8981186747550964,0.3649062514305115,0.8145045042037964,0.4820719361305237,0.8497143983840942,0.543858528137207,0.6348104476928711
32,0.3194803297519684,0.13682682812213898,0.27640271186828613,0.9968174695968628,0.277224063873291,0.24008318781852722,-0.3219081163406372,0.9999364614486694,0.5309920310974121,0.20041252672672272,0.21005192399024963,0.9996740221977234,0.39342185854911804,0.36674192547798157,-0.44762158393859863,0.649935245513916,0.7163067606877265,0.34507864059509585,0.6782967274742154,0.08454256504774094,0.47023889422416687,0.4996662139892578,-0.47277596592903137,0.5211825370788574,-0.6148024639265272,1.1001880644933197,7.635531321855509,0.09004245698451996,0.624810516834259,0.48872700333595276,-0.15508757531642914,0.9999504685401917,0.7486951947212219,0.4637909531593323,0.15416154265403748,0.9999200105667114,0.5341776609420776,0.6981098651885986,0.18252362310886383,0.8142796158790588,0.5443450212478638,0.6747769713401794,0.28783687949180603,0.5429677963256836,0.5625641942024231,0.9070497155189514,0.35115742683410645,0.8293850421905518,0.4094142019748688,0.8706429600715637,0.4888889789581299,0.6058134436607361
33,0.31683892011642456,0.14372581243515015,0.2858462631702423,0.9971320033073425,0.27730682492256165,0.24568939208984375,-0.3443927466869354,0.9999426603317261,0.5362120866775513,0.20777088403701782,0.23046156764030457,0.9996917247772217,0.39201024174690247,0.36760786175727844,-0.4486554265022278,0.6806613206863403,0.7266177467818622,0.34726702946949173,0.6655547386765381,0.08389008790254593,0.4678398370742798,0.4970569610595703,-0.42564916610717773,0.5596091747283936,-0.5255831019086048,1.0699574633011908,7.225533986537639,0.08298305422067642,0.6206310987472534,0.49253565073013306,-0.16328813135623932,0.9999504685401917,0.7455994486808777,0.4719996154308319,0.16224223375320435,0.9999128580093384,0.5371816754341125,0.6993541121482849,0.06904254108667374,0.8302586078643799,0.5502077341079712,0.674374520778656,0.2895093262195587,0.5249900221824646,0.5745938420295715,0.9090902805328369,0.07090775668621063,0.8430212140083313,0.4239560067653656,0.8713364005088806,0.3971172869205475,0.5869656801223755
34,0.41508856415748596,0.1406162828207016,0.12301036715507507,0.9974128007888794,0.3475426137447357,0.2540973722934723,-0.40845993161201477,0.9999480247497559,0.6270214915275574,0.21725590527057648,0.2329113632440567,0.9996879696846008,0.4035857319831848,0.3911430537700653,-0.4541972577571869,0.7100618481636047,0.7367640549578843,0.349412817819645,0.6503851321075373,0.08134058862924576,0.46381357312202454,0.5250755548477173,-0.40649595856666565,0.5962716341018677,-0.4330570908660575,1.0376533171889137,6.795736391272526,0.07573898881673813,0.6274846792221069,0.5054187178611755,-0.17897722125053406,0.9999487996101379,0.7424524426460266,0.49099281430244446,0.17851926386356354,0.9998981952667236,0.5088109970092773,0.707982063293457,-0.06566502153873444,0.8445866107940674,0.49203068017959595,0.6915890574455261,0.2222750186920166,0.5018545389175415,0.5996520519256592,0.9173907041549683,-0.023323366418480873,0.8553431630134583,0.3785041570663452,0.8923903703689575,0.3750467002391815,0.5685944557189941
35,0.44031184911727905,0.14137859642505646,0.12381627410650253,0.9976603388786316,0.38413941860198975,0.2551116347312927,-0.5142495036125183,0.9999528527259827,0.6574950814247131,0.220634326338768,0.24720728397369385,0.9996766448020935,0.42929545044898987,0.3881983757019043,-0.6157320141792297,0.7361859679222107,0.7466882303840842,0.35151812451363906,0.6328626657647417,0.07586731761693954,0.4611583352088928,0.5246982574462891,-0.5968921780586243,0.6243125200271606,-0.338065919389162,1.0036318095930832,6.349795204402569,0.06861570477485657,0.6137179136276245,0.5089455246925354,-0.21406804025173187,0.9999467730522156,0.7465131282806396,0.4984131455421448,0.21389447152614594,0.9998810291290283,0.5152027606964111,0.7073230147361755,-0.11829838156700134,0.8521041870117188,0.4263641617411795,0.7122077960866711,0.14598770676733652,0.46296876668930054,0.6560991406440735,0.9120836853981018,-0.04022343456745148,0.861640453338623,0.4152006506919861,0.8833341002464294,0.4487801790237427,0.530362069606781
36,0.4450593590736389,0.140984445810318,0.21474100649356842,0.9978901147842407,0.40621885657310486,0.2548369765281677,-0.5803248286247253,0.9999573230743408,0.6756489872932434,0.22245407104492188,0.2983003258705139,0.9996870160102844,0.4546769857406616,0.3867875635623932,-0.7221210598945618,0.7618653774261475,0.7563328182287521,0.35358506841955706,0.6130620976456801,0.07489092648029327,0.45986515283584595,0.524328351020813,-0.6567896604537964,0.6559282541275024,-0.2414510760681964,0.968249123950295,5.8913670942701675,0.06219112500548363,0.6125005483627319,0.5073540210723877,-0.27959463000297546,0.9999479055404663,0.7474283576011658,0.49940553307533264,0.27955666184425354,0.9998763799667358,0.5191340446472168,0.7075291872024536,-0.2136060744524002,0.8625106811523438,0.3736842745131661,0.7293702735330241,0.08608685201092976,0.4320012629032135,0.6749472618103027,0.9093021154403687,-0.13243840634822845,0.8714873194694519,0.41477444767951965,0.8852159380912781,0.4340207576751709,0.5053015351295471
37,0.46625056862831116,0.14166131615638733,0.5451098084449768,0.998095691204071,0.4295150637626648,0.2588205337524414,-0.5193031430244446,0.9999614357948303,0.711459219455719,0.2251671701669693,0.4731650948524475,0.9997043013572693,0.46437227725982666,0.3914675712585449,-0.7228716015815735,0.78526771068573,0.7656403636601795,0.3556157684054823,0.5910581857478816,0.07997985184192657,0.46432799100875854,0.5250290632247925,-0.6897205114364624,0.6874476075172424,-0.14405404949343698,0.9318614436971446,5.424108729217719,0.05683479085564613,0.607022762298584,0.5053496360778809,-0.29925307631492615,0.9999494552612305,0.7489762902259827,0.5003889203071594,0.29900622367858887,0.9998754262924194,0.5026782155036926,0.7032699584960938,-0.28019699454307556,0.8715046048164368,0.33305825465924166,0.7433046057376612,0.0412570196129376,0.4135032892227173,0.6756442189216614,0.902405321598053,-0.23341746628284454,0.8784342408180237,0.34049932806914024,0.9110731101215684,0.29336629848273416,0.48886871337890625
38,0.47225138545036316,0.14147916436195374,0.5830620527267456,0.9982702732086182,0.4511891007423401,0.2569962441921234,-0.5570053458213806,0.9999650716781616,0.730686366558075,0.22910910844802856,0.5503720641136169,0.9997097849845886,0.4668735861778259,0.39549243450164795,-0.7709828019142151,0.8063585758209229,0.774553411846657,0.3576123433394981,0.5669256880688744,0.08080271631479263,0.458414763212204,0.5283740758895874,-0.7063507437705994,0.7158782482147217,-0.04671632825516134,0.8948249522702274,4.9516767775876245,0.05177780240774155,0.6051661968231201,0.5056192874908447,-0.33466199040412903,0.9999483823776245,0.7467231750488281,0.5031121373176575,0.33437222242355347,0.9998638033866882,0.5007116198539734,0.7019336819648743,-0.31889230012893677,0.8786445260047913,0.3035533383430918,0.7542389086536583,0.01018277476350141,0.395384818315506,0.6756699681282043,0.9059104323387146,-0.2970046103000641,0.8845068216323853,0.20254028262095836,0.9576192351641675,0.04405732052251066,0.47326767444610596
39,0.48705077171325684,0.14007896184921265,0.603976845741272,0.9984154105186462,0.4283900260925293,0.25254198908805847,-0.5095562934875488,0.9999681115150452,0.7632122039794922,0.23117196559906006,0.5102304220199585,0.999684751033783,0.43338990211486816,0.39611464738845825,-0.6685988306999207,0.8252159357070923,0.7830145079564755,0.3595769120896876,0.540739362606188,0.08150531351566315,0.37836772203445435,0.5231490135192871,-0.6103691458702087,0.7419515252113342,0.04972059905635387,0.8574958331061389,4.477727907722279,0.047239575535058975,0.5681543946266174,0.49994567036628723,-0.29520758986473083,0.9999364614486694,0.7216705679893494,0.4970320761203766,0.29481416940689087,0.9998052716255188,0.5086014866828918,0.6980282664299011,-0.20436610281467438,0.8823125958442688,0.2842367617284024,0.7624012982340908,-0.008451317347237558,0.37708351016044617,0.6458868384361267,0.902346134185791,-0.1476595103740692,0.8854129910469055,0.011062302095084861,1.0215679320459419,-0.2966656571294207,0.4542235732078552
40,0.4931769073009491,0.1413903683423996,0.6167364120483398,0.998481035232544,0.4269869029521942,0.253958135843277,-0.4620561897754669,0.9999706149101257,0.7636101245880127,0.23545023798942566,0.49769729375839233,0.9996355175971985,0.41663452982902527,0.39864715933799744,-0.604306161403656,0.84208744764328,0.7909661971579258,0.36151159352413414,0.5125739673573508,0.08230041712522507,0.3623095154762268,0.5224365592002869,-0.5678145289421082,0.7635257840156555,0.14441524385083107,0.8202302696414742,4.005918787964084,0.04294693097472191,0.5547474026679993,0.5012239217758179,-0.28252318501472473,0.999914288520813,0.7139081358909607,0.4979246258735657,0.2821354568004608,0.9997134804725647,0.5230355858802795,0.6961603164672852,-0.16248562932014465,0.8859006762504578,0.27417576097885904,0.7680198904320348,-0.01596069152913799,0.3668764531612396,0.6406769752502441,0.9037567973136902,0.011012529022991657,0.8873351812362671,-0.22376962274836965,1.0996328195937592,-0.7115621153969813,0.4472410976886749
41,0.4958969056606293,0.14334425330162048,0.7028708457946777,0.9985416531562805,0.423196017742157,0.25614452362060547,-0.4153863489627838,0.9999731183052063,0.7631917595863342,0.23924745619297028,0.5510550141334534,0.9996163845062256,0.40677085518836975,0.40154069662094116,-0.579473614692688,0.8572568893432617,0.798351024619299,0.36341850651092084,0.4825042603198917,0.08331248164176941,0.36016836762428284,0.5227587223052979,-0.5411966443061829,0.7825028896331787,0.23652611753799369,0.7833844453128288,3.5399060866554333,0.03903808072209358,0.5468317866325378,0.502324104309082,-0.2741814851760864,0.9999058246612549,0.7118399739265442,0.4991908073425293,0.2737843692302704,0.9996787309646606,0.537566065788269,0.6960230469703674,-0.15534786880016327,0.888562798500061,0.2724375722581477,0.7713228012005662,-0.013660782592058574,0.36338376998901367,0.6433572173118591,0.9034342765808105,0.06133443862199783,0.886516273021698,-0.49179050114929446,1.1885275166344866,-1.183391535204093,0.4468529522418976
42,0.48578906059265137,0.14431945979595184,0.8169901371002197,0.9985541701316833,0.4137516915798187,0.25496941804885864,-0.29613128304481506,0.9999750256538391,0.7490980625152588,0.2384936362504959,0.6536260843276978,0.9995846152305603,0.39175525307655334,0.3986647427082062,-0.4321843981742859,0.870699405670166,0.8051115355088858,0.3652997699181311,0.4506049994913395,0.08429128676652908,0.3325064182281494,0.5165144205093384,-0.3219044506549835,0.7956751585006714,0.32521173152756433,0.7473145435567983,3.083346472138728,0.035534121096134186,0.5422825813293457,0.4997643232345581,-0.275837779045105,0.9998958706855774,0.706244707107544,0.49769529700279236,0.2753964066505432,0.9996415376663208,0.5396530628204346,0.6959109902381897,-0.20026865601539612,0.891700029373169,0.2780894317299539,0.7725381464927604,-0.002867025345857978,0.3597785234451294,0.6384915113449097,0.9021146893501282,-0.03267639875411987,0.8858129978179932,-0.782835342347579,1.2849656419949909,-1.6949133974746768,0.4413963556289673
43,0.45530280470848083,0.15413542091846466,0.6408262252807617,0.9986767172813416,0.3954457640647888,0.25820666551589966,-0.2893165647983551,0.9999767541885376,0.7360963225364685,0.24340718984603882,0.5271307229995728,0.9995749592781067,0.33805420994758606,0.40210917592048645,-0.40015941858291626,0.8831523060798645,0.8111902749949771,0.36715750261384816,0.41695094286922274,0.09216037392616272,0.26097843050956726,0.5155682563781738,-0.34555375576019287,0.8133796453475952,0.409630597229266,0.7123767478099776,2.639896612756365,0.032452140003442764,0.523131251335144,0.5045719742774963,-0.21933548152446747,0.9998927116394043,0.6989532709121704,0.5011179447174072,0.21880848705768585,0.9996292591094971,0.5333619713783264,0.6942073106765747,-0.11680050194263458,0.8928715586662292,0.29019857555796363,0.7718940422616938,0.015105145399605075,0.3620571494102478,0.6167232990264893,0.8982482552528381,0.03288477286696434,0.8818377256393433,-1.0867391555831123,1.385660814502139,-2.228887183132654,0.43375125527381897
44,0.4466027617454529,0.15520943701267242,0.7816594243049622,0.9987581968307495,0.3903281092643738,0.2581242024898529,-0.2593277394771576,0.9999784827232361,0.7178378701210022,0.24234284460544586,0.5627703070640564,0.9995543956756592,0.3227415382862091,0.39861658215522766,-0.38068053126335144,0.8944559097290039,0.816529788245864,0.3689938234661553,0.38161684845107063,0.09449781477451324,0.2449800670146942,0.5141115784645081,-0.30247846245765686,0.8286048769950867,0.488941226052822,0.6789272415089628,2.2132131768507426,0.029505928978323936,0.5126023888587952,0.506634533405304,-0.2192830741405487,0.9998862743377686,0.6953308582305908,0.5018824934959412,0.21876463294029236,0.9995970726013184,0.5279589295387268,0.6945863962173462,-0.11664319783449173,0.8924722075462341,0.3078322399058625,0.7696186044604415,0.038940294834471895,0.3578694462776184,0.603884756565094,0.9001245498657227,-0.014117097482085228,0.8758552670478821,-1.3933369500957835,1.487326652982798,-2.7680723731019468,0.4207719564437866
45,0.43131202459335327,0.16291752457618713,0.7550305724143982,0.9988782405853271,0.3793528378009796,0.25767791271209717,-0.2601090669631958,0.9999802112579346,0.7141478061676025,0.24446702003479004,0.45001450181007385,0.999579131603241,0.27567216753959656,0.3931582272052765,-0.3793875575065613,0.9043636918067932,0.8210726204298369,0.3708108513431355,0.34467747423441175,0.09797508269548416,0.2070068120956421,0.5166898369789124,-0.31909629702568054,0.8435784578323364,0.5623021294079544,0.6473222080903487,1.8069528327642594,0.027470286935567856,0.4900203347206116,0.5056155323982239,-0.1822102665901184,0.9998915791511536,0.6829236745834351,0.49997055530548096,0.18164759874343872,0.9996200203895569,0.5128187537193298,0.6947923302650452,-0.025217389687895775,0.891689658164978,0.33005766093733635,0.7659399490420798,0.06732298814888377,0.36142030358314514,0.5770087838172913,0.9000219106674194,0.062077321112155914,0.8706528544425964,-1.6924637351254823,1.5866767762638352,-3.2952284483064758,0.41202327609062195
46,0.4262305796146393,0.16465938091278076,0.6979151964187622,0.9989827275276184,0.37575066089630127,0.25747358798980713,-0.2839183807373047,0.9999816417694092,0.7075181603431702,0.24384625256061554,0.36149442195892334,0.9996117949485779,0.26276078820228577,0.3877410590648651,-0.4309985637664795,0.912785530090332,0.824761316715187,0.3726107051128724,0.30620757821677486,0.0995609313249588,0.20049284398555756,0.5173260569572449,-0.3645959794521332,0.8564651012420654,0.628871818704387,0.6179178309907309,1.4247722488393135,0.0352606363594532,0.4788389801979065,0.5051217079162598,-0.17891444265842438,0.9998982548713684,0.6796823740005493,0.4995681345462799,0.17837859690189362,0.999650239944458,0.5065551996231079,0.6951612234115601,-0.006377482786774635,0.8921512961387634,0.3559420748160709,0.7610861919596847,0.09893779053298209,0.3717571198940277,0.5607082843780518,0.894737958908081,0.14631536602973938,0.8624533414840698,-1.9739545199120987,1.6804248031721172,-3.7931148896701634,0.41118839383125305
47,0.42234280705451965,0.1647767573595047,0.6446405649185181,0.9990729689598083,0.3732893764972687,0.2568599581718445,-0.2857728898525238,0.9999828934669495,0.7017993927001953,0.24344739317893982,0.3018921911716461,0.9996399879455566,0.26002073287963867,0.385437548160553,-0.4295697808265686,0.9199381470680237,0.8275384222702054,0.3743955036434492,0.2662819183956888,0.10132721066474915,0.19954147934913635,0.518480658531189,-0.36543336510658264,0.8669046759605408,0.6878088053518419,0.5910702936467047,1.0703280934183033,0.04107449948787689,0.4740801453590393,0.5041012763977051,-0.16542862355709076,0.9999026656150818,0.6780762672424316,0.4985526204109192,0.16487735509872437,0.9996745586395264,0.5016146302223206,0.6944189667701721,0.003110293997451663,0.8897505402565002,0.3845527177057519,0.7552854491663316,0.13246926717690805,0.3740866482257843,0.551944375038147,0.8930920958518982,0.15908625721931458,0.8504850268363953,-2.227644313695521,1.7652843525345119,-4.244491178116931,0.4041352868080139
48,0.41513487696647644,0.16549384593963623,0.2837885618209839,0.9991364479064941,0.3700903058052063,0.2551574409008026,-0.46932587027549744,0.9999797940254211,0.7203996181488037,0.24662932753562927,0.16846951842308044,0.9996551275253296,0.25614142417907715,0.3774730861186981,-0.5460808873176575,0.9260018467903137,0.8293464822631825,0.37616736580294896,0.22497525276868252,0.1333572119474411,0.18834379315376282,0.51655513048172,-0.41185271739959717,0.8738410472869873,0.7382716007600428,0.5671357794948657,0.7472770348436255,0.09177334606647491,0.46173354983329773,0.5073859095573425,-0.16634508967399597,0.9998762011528015,0.6644764542579651,0.5048723816871643,0.16578049957752228,0.999656081199646,0.49246710538864136,0.6967684030532837,0.0818689689040184,0.8864508271217346,0.4149568257700652,0.7487658366150963,0.166601983270803,0.37288200855255127,0.5285184979438782,0.8882636427879333,0.21273571252822876,0.8468679785728455,-2.443368125715638,1.8379690431778855,-4.632116794570697,0.3960511386394501
49,0.4256381392478943,0.164653480052948,0.23169083893299103,0.9991118311882019,0.37321317195892334,0.2515757977962494,-0.5891337394714355,0.9999784231185913,0.7353547215461731,0.24622903764247894,0.00869002379477024,0.9996802806854248,0.26080361008644104,0.37435293197631836,-0.6450234651565552,0.9323920607566833,0.8301280418624095,0.377928410459455,0.18236233933328466,0.1935044229030609,0.18620620667934418,0.5150284767150879,-0.4872930645942688,0.8820322155952454,0.7794187163387123,0.5464704719718092,0.4592757414576798,0.17287857830524445,0.456211656332016,0.5067304968833923,-0.16327962279319763,0.9998604655265808,0.6578624844551086,0.5049874186515808,0.16269367933273315,0.9996575713157654,0.48833993077278137,0.6967053413391113,0.11774608492851257,0.8838412761688232,0.4462216351726964,0.7417554702590547,0.20002050400480825,0.36679819226264954,0.5213559865951538,0.8901346325874329,0.21720702946186066,0.8442164063453674,-2.6109609652123407,1.8951924939291054,-4.938751219955388,0.3880094587802887
50,0.43221941590309143,0.1643773764371872,0.2306857705116272,0.9990842938423157,0.38030755519866943,0.2494717240333557,-0.5320190787315369,0.9999755024909973,0.736064076423645,0.24612978100776672,-0.037686605006456375,0.9997032880783081,0.263558566570282,0.37202581763267517,-0.5704061388969421,0.9356064796447754,0.829825646236177,0.3796807564810506,0.138517936087024,0.23868824541568756,0.18530809879302979,0.514003574848175,-0.4401382505893707,0.8782514929771423,0.8104086634975731,0.5294305545141305,0.20998088160286354,0.2409878373146057,0.4549259543418884,0.5053838491439819,-0.13668808341026306,0.9998395442962646,0.6564403176307678,0.505132794380188,0.13600584864616394,0.9996556639671326,0.4879955053329468,0.6949170231819153,0.12451419979333878,0.8623666167259216,0.47741438207733133,0.7344824660512828,0.23140939456906506,0.34518083930015564,0.5196355581283569,0.8912071585655212,0.20776760578155518,0.8191727995872498,-2.720257841425517,1.9336683236150387,-5.147153935194921,0.36353954672813416
51,0.43549132347106934,0.16400107741355896,0.26857656240463257,0.9990279078483582,0.3805675506591797,0.2487235963344574,-0.5076956152915955,0.999972403049469,0.7369047403335571,0.24910978972911835,-0.032613664865493774,0.9997227191925049,0.2643744945526123,0.37251102924346924,-0.5418055653572083,0.9387887120246887,0.8283818405527764,0.38142652273581906,0.09351680102742943,0.2779379189014435,0.18514679372310638,0.5132302641868591,-0.34518569707870483,0.8716288805007935,0.8303999536463487,0.5163722105584251,0.0030491236215752227,0.30033397674560547,0.4517214894294739,0.5041784048080444,-0.11939465254545212,0.9998154640197754,0.6521885395050049,0.504736602306366,0.11871340125799179,0.9996490478515625,0.4861803948879242,0.6927308440208435,0.18221740424633026,0.8405959606170654,0.5076023026476558,0.7271749399448559,0.25945322015371486,0.3252383768558502,0.5186633467674255,0.8894256949424744,0.265828013420105,0.7953994274139404,-2.761093763595057,1.9501101510625523,-5.240084421213219,0.3413265645503998
52,0.4510529041290283,0.16392850875854492,0.4921811819076538,0.9990772604942322,0.38708531856536865,0.24671469628810883,-0.2740118205547333,0.9999731183052063,0.7523844242095947,0.2503896653652191,0.025549249723553658,0.9997478127479553,0.2647249102592468,0.36478742957115173,-0.27778393030166626,0.942890465259552,0.825739169980498,0.3831678280918435,0.04743369215202964,0.3393617272377014,0.19182944297790527,0.49792975187301636,-0.13101394474506378,0.8740124106407166,0.8385510981947611,0.5076516235412882,-0.1578628641437871,0.3649596571922302,0.44657081365585327,0.5002675652503967,-0.04788517206907272,0.9998251795768738,0.6522711515426636,0.5036327838897705,0.04715897515416145,0.9996765851974487,0.4934157431125641,0.6897892355918884,0.1632746160030365,0.8297630548477173,0.5358526330473554,0.7200610078928503,0.28283654594889873,0.34414470195770264,0.5245814323425293,0.8888132572174072,0.23082107305526733,0.7856091260910034,-2.7233037409608496,1.9412315950985133,-5.200302158934204,0.3480967879295349
53,0.4541530907154083,0.16201917827129364,0.548205554485321,0.99913489818573,0.37483352422714233,0.24460656940937042,-0.1860802173614502,0.9999731183052063,0.7540298104286194,0.2500523030757904,0.014621845446527004,0.9997697472572327,0.253974586725235,0.3605917692184448,-0.18939074873924255,0.9465634822845459,0.821840179687633,0.38490679141720735,0.00034336745835356064,0.3969026207923889,0.18982160091400146,0.49326029419898987,-0.06536046415567398,0.8765299320220947,0.8340206085525341,0.5036249768993154,-0.26909841335082535,0.42254582047462463,0.4403916597366333,0.49880725145339966,-0.01572730764746666,0.9998314380645752,0.6459701657295227,0.5023936629295349,0.015009457245469093,0.9996989369392395,0.48377296328544617,0.687950611114502,0.13639383018016815,0.8277547359466553,0.5612326094401163,0.7133687858483417,0.3002439371447584,0.3747382164001465,0.5218120813369751,0.8891626000404358,0.21653372049331665,0.7830145359039307,-2.596722782762784,1.9037462745497886,-5.010566629281797,0.3660135865211487
54,0.4513459801673889,0.15746916830539703,0.4742256700992584,0.999204695224762,0.36797577142715454,0.2369675487279892,-0.24719709157943726,0.9999747276306152,0.7504872679710388,0.2515660226345062,-0.024986067786812782,0.9997904300689697,0.24411454796791077,0.3527337610721588,-0.3185814321041107,0.9511045217514038,0.8166274148424721,0.38664553157999376,-0.047679415056070165,0.44616347551345825,0.19411441683769226,0.48874521255493164,-0.32579725980758667,0.8861327171325684,0.81596699612939,0.5046484540691021,-0.3270008556571413,0.47644463181495667,0.42826515436172485,0.49811071157455444,-0.049563102424144745,0.999843180179596,0.6356179118156433,0.5015905499458313,0.04890812188386917,0.9997233748435974,0.46298107504844666,0.6886241436004639,0.20149347186088562,0.830133855342865,0.5828094679896236,0.707326389764406,0.31035995893143464,0.38881197571754456,0.49161702394485474,0.8856605291366577,0.3254886865615845,0.7846204042434692,-2.3711858982407494,1.8343678082432455,-4.653637313179919,0.372406929731369
55,0.4466017782688141,0.15511606633663177,0.4695330262184143,0.999267041683197,0.356682687997818,0.2356632798910141,-0.272477924823761,0.9999764561653137,0.7445499300956726,0.25240856409072876,-0.010551701299846172,0.9998096227645874,0.2376742959022522,0.35260170698165894,-0.3773934245109558,0.9552939534187317,0.8100434206133065,0.38838616744828597,-0.0965598973937126,0.4917227327823639,0.1951322853565216,0.4861818552017212,-0.38756826519966125,0.8951811790466309,0.7835487723350525,0.5110782384872437,-0.3279135227203369,0.5256412029266357,0.415788859128952,0.49858593940734863,-0.05311880260705948,0.9998548626899719,0.6223489046096802,0.5015230178833008,0.05243226885795593,0.9997467398643494,0.44909071922302246,0.6881258487701416,0.12231077998876572,0.8399888873100281,0.5996504448595639,0.7021619355941188,0.31186917649906915,0.4262556731700897,0.4782717525959015,0.8846178650856018,0.19201095402240753,0.7953570485115051,-2.036528096634636,1.7298098150057506,-4.112273691552493,0.40287744998931885
56,0.45922020077705383,0.15171851217746735,0.5676616430282593,0.9993310570716858,0.3549852967262268,0.23657988011837006,-0.14837414026260376,0.9999775290489197,0.7439765930175781,0.25430047512054443,-0.015153287909924984,0.9998271465301514,0.23763705790042877,0.3550398647785187,-0.1848917305469513,0.9577232003211975,0.8020307421684265,0.39013081789016724,-0.14622332155704498,0.5351939797401428,0.2188800424337387,0.4771116375923157,-0.13165879249572754,0.8980696797370911,0.744590699672699,0.5202071666717529,-0.29452329874038696,0.5672332644462585,0.4090826213359833,0.5024885535240173,-0.005702797789126635,0.9998665452003479,0.6233202815055847,0.5052821636199951,0.005027419421821833,0.9997696876525879,0.43970218300819397,0.6890398859977722,0.1841890960931778,0.8446928262710571,0.6108227762136222,0.6981035392905559,0.30345615503780304,0.4654890298843384,0.46188950538635254,0.8864443302154541,0.2693299651145935,0.7998698353767395,-1.5825843871843333,1.5867859136641722,-3.3692352453234395,0.4349798560142517
57,0.45795103907585144,0.1507609784603119,0.5837286114692688,0.9993904232978821,0.3544643819332123,0.23415371775627136,-0.1114065870642662,0.9999784827232361,0.7402317523956299,0.25544100999832153,-0.054188743233680725,0.999843418598175,0.22470197081565857,0.35133445262908936,-0.10038825869560242,0.9582158923149109,0.7937635779380798,0.3913714289665222,-0.18792420625686646,0.5764715671539307,0.22519953548908234,0.47051259875297546,0.008963402360677719,0.8963988423347473,0.7278253436088562,0.5219798684120178,-0.313584566116333,0.6068151593208313,0.4013887941837311,0.5027046799659729,0.022322000935673714,0.9998772740364075,0.6207915544509888,0.505874752998352,-0.02305673621594906,0.9997908473014832,0.4297676086425781,0.6869571805000305,0.2077382653951645,0.8452977538108826,0.6153936982154846,0.6953793168067932,0.2838054597377777,0.5002426505088806,0.4580496847629547,0.8884995579719543,0.2763252556324005,0.8007395267486572,-0.9991897791297286,1.402009723045376,-2.407281455416679,0.46376150846481323
58,0.45663976669311523,0.1508350819349289,0.5801736116409302,0.9994434118270874,0.3540534973144531,0.23309408128261566,-0.1339532434940338,0.9999796152114868,0.7380746006965637,0.25589731335639954,-0.059036124497652054,0.9998581409454346,0.22151239216327667,0.3503051996231079,-0.15787389874458313,0.9599575400352478,0.7891337275505066,0.39193376898765564,-0.2034529149532318,0.612686276435852,0.22860993444919586,0.46888619661331177,-0.08041162043809891,0.8982569575309753,0.7205997705459595,0.5222252011299133,-0.34979745745658875,0.6422668695449829,0.39890256524086,0.5027703642845154,0.019817369058728218,0.9998865723609924,0.6186661720275879,0.5058687925338745,-0.02056271769106388,0.9998095035552979,0.4318675994873047,0.6870836019515991,0.18047045171260834,0.8478208780288696,0.6155593991279602,0.6946304440498352,0.251009464263916,0.5309978723526001,0.4638482332229614,0.8888810276985168,0.2341899424791336,0.8020812273025513,-0.27617928171071304,1.1721948619762295,-1.209171802756133,0.4880669116973877
59,0.508382260799408,0.1464354693889618,0.5550909638404846,0.9994809627532959,0.3511697053909302,0.2348930686712265,-0.11585799604654312,0.9999799728393555,0.7428516745567322,0.2593061327934265,-0.10833416134119034,0.9998705387115479,0.22742825746536255,0.35224688053131104,-0.15644024312496185,0.9604047536849976,0.784428596496582,0.40063148736953735,-0.266804039478302,0.6470110416412354,0.25363561511039734,0.47430717945098877,-0.13222551345825195,0.8997195959091187,0.7164120674133301,0.5289846062660217,-0.39387157559394836,0.6744827628135681,0.4062303304672241,0.5051143169403076,0.02448982000350952,0.9998948574066162,0.6237390637397766,0.508386492729187,-0.025295564904808998,0.9998261332511902,0.42761507630348206,0.6904985308647156,0.1507645696401596,0.8549425601959229,0.6260318756103516,0.6981503367424011,0.20079177618026733,0.5651664137840271,0.44231870770454407,0.8904750347137451,0.11245475709438324,0.8139384984970093,0.5966120958328247,0.8940549492835999,0.24233423173427582,0.5254877209663391
